District_Name,State_Name,lat,lon
24 PARAGANAS NORTH,West Bengal,22.6168,88.4029
24 PARAGANAS SOUTH,West Bengal,22.1352,88.4016
ADILABAD,Telangana,19.605052,78.572343
AGAR MALWA,Madhya Pradesh,23.7137,76.0095
AGRA,Uttar Pradesh,27.18614495,78.00585929517696
AHMADABAD,Gujarat,23.0373068,72.544748112277
AHMEDNAGAR,Maharashtra,18.6845298,75.0127171
AIZAWL,Mizoram,23.7358696,92.6646709329112
AJMER,Rajasthan,26.0653466,75.0137067
AKOLA,Maharashtra,19.5780576,73.7732524
ALAPPUZHA,Kerala,9.545400099999998,76.34316098950444
ALIGARH,Uttar Pradesh,27.8974,78.088
ALIRAJPUR,Madhya Pradesh,22.3060,74.3558
ALLAHABAD,Uttar Pradesh,25.4740987,81.849542
ALMORA,Uttarakhand,29.6430228,79.44239209999998
ALWAR,Rajasthan,27.572862,76.61372800000002
AMBALA,Haryana,29.4497787,75.8889144
AMBEDKAR NAGAR,Uttar Pradesh,26.4684,82.6915
AMETHI,Uttar Pradesh,26.1541,81.8142
AMRAVATI,Maharashtra,20.939173,77.7587406
AMRELI,Gujarat,20.8195188,70.6915603
AMRITSAR,Punjab,31.6231011,74.8797333
AMROHA,Uttar Pradesh,28.9052,78.4673
ANAND,Gujarat,21.19172565,72.79593612454501
ANANTAPUR,Andhra Pradesh,14.1672479,77.811221
ANANTNAG,Jammu and Kashmir,33.7311,75.1487
ANJAW,Arunachal Pradesh,28.13549325,97.30612099599043
ANUGUL,Odisha,20.9206382,85.2222895
ANUPPUR,Madhya Pradesh,23.1189733,81.6987267
ARARIA,Bihar,26.49972305,87.07243447459665
ARIYALUR,Tamil Nadu,11.35581465,79.22576918138991
ARWAL,Bihar,25.1644534,84.7329546
ASHOKNAGAR,Madhya Pradesh,22.7665444,75.9006944
AURAIYA,Uttar Pradesh,26.4605,79.5113
AURANGABAD,Bihar,24.786306,84.41448983395554
AZAMGARH,Uttar Pradesh,26.178828600000003,83.21365229999998
BADGAM,Jammu and Kashmir,33.9349,74.64
BAGALKOT,Karnataka,16.160816399999998,75.6593118
BAGESHWAR,Uttarakhand,29.584071,79.64061729999997
BAGHPAT,Uttar Pradesh,28.9428,77.2276
BAHRAICH,Uttar Pradesh,27.5705,81.5977
BAKSA,Assam,26.6587632,91.0005568
BALAGHAT,Madhya Pradesh,21.8163973,80.18674870000002
BALANGIR,Odisha,20.2894681,83.1538426
BALESHWAR,Odisha,21.4932273,86.9357935
BALLIA,Uttar Pradesh,25.8579013,83.85494849999998
BALOD,Chhattisgarh,20.73218365,81.14335738365044
BALODA BAZAR,Chhattisgarh,21.57264595,82.43670691696434
BALRAMPUR,Chhattisgarh,23.6263016,83.48245091656527
BANAS KANTHA,Gujarat,24.1702651,72.43383890000001
BANDA,Uttar Pradesh,27.1303344,80.859666
BANDIPORA,Jammu and Kashmir,34.5052,74.6869
BANGALORE RURAL,Karnataka,12.9915676,77.78923215119724
BANKA,Bihar,25.9501325,85.6721255
BANKURA,West Bengal,23.2425413,87.04434920000001
BANSWARA,Rajasthan,23.4930788,74.34840231310622
BARABANKI,Uttar Pradesh,26.9268,81.1834
BARAMULLA,Jammu and Kashmir,34.1595,74.3587
BARAN,Rajasthan,24.6669841,76.8442134
BARDHAMAN,West Bengal,23.41146995,87.84499444913178
BAREILLY,Uttar Pradesh,28.3670,79.4304
BARGARH,Odisha,21.3350246,83.61629429999998
BARMER,Rajasthan,25.581903399999998,71.61966242777196
BARNALA,Punjab,31.7753902,76.9864484
BARPETA,Assam,26.440330600000006,91.4375589
BARWANI,Madhya Pradesh,22.0363,74.9033
BASTAR,Chhattisgarh,20.091480800000006,80.6898474
BASTI,Uttar Pradesh,26.8140,82.763
BATHINDA,Punjab,30.269616100000004,75.2368459
BEED,Maharashtra,20.0239954,75.16230290000001
BEGUSARAI,Bihar,25.512719399999998,86.09057109140021
BELGAUM,Karnataka,15.884955800000002,74.51750324837272
BELLARY,Karnataka,15.1410382,76.96169105726322
BEMETARA,Chhattisgarh,21.6783969,81.43047622833333
BENGALURU URBAN,Karnataka,12.977944,77.59259140000002
BETUL,Madhya Pradesh,21.9012,77.896
BHADRAK,Odisha,21.0655114,86.50261400000002
BHAGALPUR,Bihar,25.2383952,87.05065963208678
BHANDARA,Maharashtra,21.1737253,79.64908259999999
BHARATPUR,Rajasthan,27.055100300000007,76.9497468
BHARUCH,Gujarat,21.740751100000004,73.00978265864833
BHAVNAGAR,Gujarat,21.77153065000001,72.13756615244151
BHILWARA,Rajasthan,25.3336893,74.6424969
BHIND,Madhya Pradesh,26.5696434,78.7885118
BHIWANI,Haryana,28.8141665,76.1561005
BHOJPUR,Bihar,25.25,84.25
BHOPAL,Madhya Pradesh,23.2342111,77.3882482
BIDAR,Karnataka,17.867469149999994,77.4730321241707
BIJAPUR,Chhattisgarh,18.8627722,80.3853714
BIJNOR,Uttar Pradesh,29.3732,78.1351
BIKANER,Rajasthan,28.0016854,73.32308370000001
BILASPUR,Chhattisgarh,22.0888774,82.15208890000002
BIRBHUM,West Bengal,23.9668843,88.04126475
BISHNUPUR,Manipur,24.499219,93.76107359999999
BOKARO,Jharkhand,23.8053984,85.8244974
BONGAIGAON,Assam,26.415074600000004,90.5827019
BOUDH,Odisha,20.8403108,84.32153690000001
BUDAUN,Uttar Pradesh,28.203919399999997,79.05919329999998
BULANDSHAHR,Uttar Pradesh,28.4070,77.8498
BULDHANA,Maharashtra,20.80479355,76.52091024670791
BUNDI,Rajasthan,25.5,75.833333
BURHANPUR,Madhya Pradesh,21.3145,76.218
BUXAR,Bihar,25.5620715,84.01567204651289
CACHAR,Assam,24.68482235,92.75104578393083
CHAMARAJANAGAR,Karnataka,11.9274494,76.9444221
CHAMBA,Himachal Pradesh,32.5548394,76.12573898722654
CHAMOLI,Uttarakhand,30.2462597,79.2400406
CHAMPAWAT,Uttarakhand,29.23631315,80.10172076512076
CHAMPHAI,Mizoram,23.6317319,93.34931854269608
CHANDAULI,Uttar Pradesh,25.1794,83.2934
CHANDEL,Manipur,24.165588,93.809512
CHANDIGARH,Chandigarh,30.733442100000005,76.7797143
CHANDRAPUR,Maharashtra,20.6085532,79.8589561
CHANGLANG,Arunachal Pradesh,27.7577,96.6237
CHATRA,Jharkhand,24.20162495,84.87817691941733
CHHATARPUR,Madhya Pradesh,24.8570601,79.9226234
CHHINDWARA,Madhya Pradesh,21.593951,78.5267415
CHIKBALLAPUR,Karnataka,13.4274405,77.73214329999998
CHIKMAGALUR,Karnataka,13.3314937,75.7957882
CHIRANG,Assam,26.4929099,90.5515413
CHITRADURGA,Karnataka,14.2158281,76.38140059999998
CHITRAKOOT,Uttar Pradesh,25.1869072,80.91203231879966
CHITTOOR,Andhra Pradesh,13.6195955,79.4180085
CHITTORGARH,Rajasthan,24.87681515,75.62942842517165
CHURACHANDPUR,Manipur,24.416667,93.5
CHURU,Rajasthan,28.439399199999997,74.4911813
COIMBATORE,Tamil Nadu,11.00896385,76.9345374910833
COOCHBEHAR,West Bengal,26.3452,89.4482
CUDDALORE,Tamil Nadu,11.3894391,79.71596509999998
CUTTACK,Odisha,20.4435704,85.8973591006112
DADRA AND NAGAR HAVELI,Dadra and Nagar Haveli,20.2733604,73.00449880000002
DAKSHIN KANNAD,Karnataka,12.8438,75.2479
DAMOH,Madhya Pradesh,23.8323,79.4387
DANG,Gujarat,23.1262889,69.5884093
DANTEWADA,Chhattisgarh,18.8640648,81.38339468738648
DARBHANGA,Bihar,26.08314325,86.03257096612822
DARJEELING,West Bengal,26.8700325,88.36087590000002
DARRANG,Assam,26.7099325,92.20380259999999
DATIA,Madhya Pradesh,25.6653,78.4609
DAUSA,Rajasthan,27.055100300000007,76.9497468
DAVANGERE,Karnataka,14.4613921,75.92989859999999
DEHRADUN,Uttarakhand,30.37604755,78.09858163768553
DEOGARH,Odisha,21.5343954,84.7296792
DEOGHAR,Jharkhand,24.39530345,87.08693369740948
DEORIA,Uttar Pradesh,26.5024,83.7791
DEWAS,Madhya Pradesh,22.9690079,76.0546374
DHALAI,Tripura,23.8253158,91.9732226716333
DHAMTARI,Chhattisgarh,20.7083903,81.54852530000002
DHANBAD,Jharkhand,23.7931504,86.43112652465638
DHAR,Madhya Pradesh,22.6013,75.3025
DHARMAPURI,Tamil Nadu,12.131090499999999,78.1614684
DHARWAD,Karnataka,15.5188064,74.92797852421738
DHEMAJI,Assam,27.8249082,95.2259427
DHENKANAL,Odisha,20.672006,85.590375
DHOLPUR,Rajasthan,26.7009896,77.89678570000002
DHUBRI,Assam,26.4274307,89.9048996
DHULE,Maharashtra,21.13050145,74.47891180551228
DIBANG VALLEY,Arunachal Pradesh,28.8129,96.1527
DIBRUGARH,Assam,27.23650645,94.87909205082008
DIMA HASAO,Assam,25.40036255,93.07522922678905
DIMAPUR,Nagaland,25.908579,93.716553
DINAJPUR DAKSHIN,West Bengal,25.5065628,88.76143540000001
DINAJPUR UTTAR,West Bengal,26.2676915,88.34625720000004
DINDIGUL,Tamil Nadu,10.326077,77.9851473
DINDORI,Madhya Pradesh,22.9418,81.0768
DODA,Jammu and Kashmir,33.1457,75.548
DOHAD,Gujarat,22.8345,74.2606
DUMKA,Jharkhand,24.39530345,87.08693369740948
DUNGARPUR,Rajasthan,23.666667,73.75
DURG,Chhattisgarh,21.20505475,81.28917198789333
EAST DISTRICT,Sikkim,27.649319,88.40538985091041
EAST GARO HILLS,Meghalaya,25.61849455,90.63421621777748
EAST GODAVARI,Andhra Pradesh,17.01303115,81.73746288058665
EAST JAINTIA HILLS,Meghalaya,25.25157605,92.48405006942015
EAST KAMENG,Arunachal Pradesh,27.2620189,92.4209639
EAST KHASI HILLS,Meghalaya,25.282585,91.5734804
EAST SIANG,Arunachal Pradesh,27.843321600000003,95.2239458
EAST SINGHBUM,Jharkhand,22.4867,86.4997
ERNAKULAM,Kerala,9.9907174,76.5777511
ERODE,Tamil Nadu,11.4549686,77.43818900000002
ETAH,Uttar Pradesh,27.557685499999998,78.65476269999998
ETAWAH,Uttar Pradesh,26.9653429,78.95244740000003
FAIZABAD,Uttar Pradesh,26.8708952,80.960557
FARIDABAD,Haryana,28.43538805,77.3060605
FARIDKOT,Punjab,30.446238,74.94872600000002
FARRUKHABAD,Uttar Pradesh,27.3826,79.584
FATEHABAD,Haryana,29.464099600000004,75.7909763
FATEHGARH SAHIB,Punjab,30.813479,76.346812
FATEHPUR,Uttar Pradesh,25.9210,80.7996
FAZILKA,Punjab,30.6061458,74.2544018
FIROZABAD,Uttar Pradesh,27.105630699999995,78.58361409999998
FIROZEPUR,Punjab,30.9331,74.6225
GADAG,Karnataka,15.431375199999998,75.6322482
GADCHIROLI,Maharashtra,19.9376214,79.8857226
GAJAPATI,Odisha,18.7714579,84.09671949999998
GANDERBAL,Jammu and Kashmir,34.2165,74.7719
GANDHINAGAR,Gujarat,23.166092650000003,72.6783464573108
GANGANAGAR,Rajasthan,29.929180600000006,73.88212359164659
GANJAM,Odisha,19.9323023,84.580083
GARHWA,Jharkhand,24.15529035,83.82522584408348
GARIYABAND,Chhattisgarh,20.52684285,82.18783100443315
GAUTAM BUDDHA NAGAR,Uttar Pradesh,28.59115915,77.35253531282801
GAYA,Bihar,24.7737323,84.9633271
GHAZIABAD,Uttar Pradesh,28.6286305,77.35990149666466
GHAZIPUR,Uttar Pradesh,25.5878,83.5783
GIRIDIH,Jharkhand,24.1608897,86.25113503301655
GOALPARA,Assam,26.178362300000003,90.6226683
GODDA,Jharkhand,24.74334305,87.2928506179686
GOLAGHAT,Assam,26.5133255,93.96372170000001
GOMATI,Tripura,23.5,91.666667
GONDA,Uttar Pradesh,27.1340,81.9619
GONDIA,Maharashtra,21.455227999999998,80.19627290000003
GOPALGANJ,Bihar,26.4207265,84.37406407415166
GORAKHPUR,Uttar Pradesh,26.7545821,83.3663468
GULBARGA,Karnataka,17.154595800000006,76.948465
GUMLA,Jharkhand,23.091674100000002,84.5738480719802
GUNA,Madhya Pradesh,24.6324,77.3002
GUNTUR,Andhra Pradesh,16.297160899999998,80.44325874076534
GURDASPUR,Punjab,32.0342223,75.39742109999997
GURGAON,Haryana,28.5159599,76.9801476
GWALIOR,Madhya Pradesh,26.2183,78.1828
HAILAKANDI,Assam,24.68845365,92.57381528240944
HAMIRPUR,Himachal Pradesh,31.687996,76.51925223011676
HANUMANGARH,Rajasthan,29.36720015,74.29836365065901
HAPUR,Uttar Pradesh,28.667969899999996,77.42939556350753
HARDA,Madhya Pradesh,22.3467,77.089
HARDOI,Uttar Pradesh,22.3467,77.089
HARIDWAR,Uttarakhand,29.944849800000004,78.15276340000001
HASSAN,Karnataka,12.9848056,76.10670667650199
HATHRAS,Uttar Pradesh,27.5981,78.0492
HAVERI,Karnataka,14.8261258,75.367778
HAZARIBAGH,Jharkhand,23.9817923,85.37139501840463
HINGOLI,Maharashtra,19.6281532,77.02069841739069
HISAR,Haryana,29.1545315,75.7709251
HOOGHLY,West Bengal,22.8963,88.2461
HOSHANGABAD,Madhya Pradesh,22.757355800000003,77.72439011986779
HOSHIARPUR,Punjab,31.64977705,75.64021165256153
HOWRAH,West Bengal,22.63779375,88.34999427069323
HYDERABAD,Telangana,17.369165300000002,78.4721325
IDUKKI,Kerala,9.9797193,77.0018895
IMPHAL EAST,Manipur,24.7545772,93.92788824871704
IMPHAL WEST,Manipur,24.7545772,93.92788824871704
INDORE,Madhya Pradesh,22.7665444,75.9006944
JABALPUR,Madhya Pradesh,23.1659947,79.92465200000002
JAGATSINGHAPUR,Odisha,20.3186464,86.64715242641121
JAIPUR,Rajasthan,26.8877852,75.8138009
JAISALMER,Rajasthan,26.914117600000004,70.9267678
JAJAPUR,Odisha,20.8495779,86.3289705
JALANDHAR,Punjab,31.2501702,75.614612
JALAUN,Uttar Pradesh,26.1459,79.3297
JALGAON,Maharashtra,20.84351185,75.52592658756026
JALNA,Maharashtra,19.6395502,75.95542259999998
JALORE,Rajasthan,25.347600600000003,72.6260916
JALPAIGURI,West Bengal,26.73115715,88.43696151735972
JAMMU,Jammu and Kashmir,32.7185614,74.8580917
JAMNAGAR,Gujarat,22.47577290000001,70.06374909487425
JAMTARA,Jharkhand,23.9232867,86.77353493891458
JAMUI,Bihar,24.96785205,86.17351147289284
JANJGIR-CHAMPA,Chhattisgarh,22.0211947,82.9600901
JASHPUR,Chhattisgarh,22.76678355,83.95304518953317
JAUNPUR,Uttar Pradesh,25.7464,82.6837
JEHANABAD,Bihar,25.2240202,84.9948079
JHABUA,Madhya Pradesh,22.7697,74.5921
JHAJJAR,Haryana,28.691447,76.93305699999998
JHALAWAR,Rajasthan,24.313236800000002,76.52223626123003
JHANSI,Uttar Pradesh,25.453256699999997,78.6043507
JHARSUGUDA,Odisha,21.8535713,84.0170947
JHUNJHUNU,Rajasthan,28.1287995,75.39925809999998
JIND,Haryana,29.1781837,76.4579177
JODHPUR,Rajasthan,26.3179091,73.1037743
JORHAT,Assam,26.71940915,94.2000193433362
JUNAGADH,Gujarat,21.51909,70.45951020000003
KABIRDHAM,Chhattisgarh,22.11428865,81.25157988751951
KACHCHH,Gujarat,22.82007155,69.51888671071265
KADAPA,Andhra Pradesh,14.463908400000001,78.13724588197104
KAIMUR (BHABUA),Bihar,25.1334272,83.665899
KAITHAL,Haryana,29.789479,76.3941136
KALAHANDI,Odisha,19.869436800000006,82.7810088
KAMRUP,Assam,26.1636522,91.7827055
KAMRUP METRO,Assam,26.0794,91.6372
KANCHIPURAM,Tamil Nadu,12.839540699999999,79.954194945654
KANDHAMAL,Odisha,20.1996664,83.91045079999998
KANGRA,Himachal Pradesh,32.081564,76.5154908
KANKER,Chhattisgarh,20.091480800000006,80.6898474
KANNAUJ,Uttar Pradesh,27.0514,79.9137
KANNIYAKUMARI,Tamil Nadu,8.0879641,77.54674140000002
KANNUR,Kerala,12.392813400000001,75.09294870492613
KANPUR DEHAT,Uttar Pradesh,26.5267,79.8297
KANPUR NAGAR,Uttar Pradesh,26.4623788,80.247968
KAPURTHALA,Punjab,31.3532479,75.45606387596949
KARAIKAL,Puducherry,10.985062199999998,79.84437790000001
KARAULI,Rajasthan,26.4963367,77.029795
KARBI ANGLONG,Assam,25.76526715,93.17400346658148
KARGIL,Jammu and Kashmir,34.5539,76.1349
KARIMGANJ,Assam,24.8483482,92.33221292310327
KARIMNAGAR,Telangana,18.4369358,79.1240925
KARNAL,Haryana,29.682387899999995,76.996394
KARUR,Tamil Nadu,10.941706,78.0910148
KASARAGOD,Kerala,12.392813400000001,75.09294870492613
KASGANJ,Uttar Pradesh,27.708859000000004,78.739501
KATHUA,Jammu and Kashmir,32.3863,75.5173
KATIHAR,Bihar,25.5373188,87.56832920000002
KATNI,Madhya Pradesh,23.8343,80.3894
KAUSHAMBI,Uttar Pradesh,28.66069485,77.3324295179842
KENDRAPARA,Odisha,20.50040085,86.43170622796478
KENDUJHAR,Odisha,21.6284657,85.5956465
KHAGARIA,Bihar,25.4916868,86.69910848212217
KHAMMAM,Telangana,17.2462515,80.1379493
KHANDWA,Madhya Pradesh,21.8314,76.3498
KHARGONE,Madhya Pradesh,21.8335,75.615
KHEDA,Gujarat,22.694218799999998,72.8590057
KHERI,Uttar Pradesh,27.9462,80.7787
KHORDHA,Odisha,20.2845933,85.8388589
KHOWAI,Tripura,23.90636095,91.24795449454716
KHUNTI,Jharkhand,22.9676534,85.2833197
KINNAUR,Himachal Pradesh,31.4276016,78.26468840000003
KIPHIRE,Nagaland,25.81551155,94.84166400470305
KISHANGANJ,Bihar,26.09440495,87.94304734732832
KISHTWAR,Jammu and Kashmir,33.3116,75.7662
KODAGU,Karnataka,12.4232254,75.73563109999998
KODERMA,Jharkhand,24.493123899999997,85.55608107203881
KOHIMA,Nagaland,25.72093815,94.10722039024247
KOKRAJHAR,Assam,26.4274307,89.9048996
KOLAR,Karnataka,13.136739000000002,78.1360538
KOLASIB,Mizoram,24.18947525,92.7133181281124
KOLHAPUR,Maharashtra,16.68944795,74.22044394721345
KOLLAM,Kerala,8.968893300000003,76.66303153650587
KONDAGAON,Chhattisgarh,19.8586545,81.6364217
KOPPAL,Karnataka,15.3768535,76.1617549
KORAPUT,Odisha,18.74568005,82.8092676021663
KORBA,Chhattisgarh,22.347840899999998,82.5547202
KOREA,Chhattisgarh,23.238299899999998,82.3906588
KOTA,Rajasthan,25.18245790000001,75.86811960469849
KOTTAYAM,Kerala,9.5797046,76.5691745
KOZHIKODE,Kerala,11.2868651,75.8714311
KRISHNA,Andhra Pradesh,16.51024295,80.661129131077
KRISHNAGIRI,Tamil Nadu,12.5279251,78.2363232
KULGAM,Jammu and Kashmir,33.6450,75.018
KULLU,Himachal Pradesh,31.9614061,77.1111104
KUPWARA,Jammu and Kashmir,34.5262,74.2546
KURNOOL,Andhra Pradesh,15.82940355,78.01936408992188
KURUKSHETRA,Haryana,30.0090791,77.10105159999998
KURUNG KUMEY,Arunachal Pradesh, 28.2180°,94.7278
KUSHI NAGAR,Uttar Pradesh,26.7399,83.887
LAHUL AND SPITI,Himachal Pradesh,32.093474300000004,78.38379569145525
LAKHIMPUR,Assam,27.303464399999996,93.97149
LAKHISARAI,Bihar,25.1677029,86.05935924304018
LALITPUR,Uttar Pradesh,26.8420098,80.94785711416057
LATEHAR,Jharkhand,23.74186545,84.51301366522104
LATUR,Maharashtra,18.3383146,76.83971559999998
LAWNGTLAI,Mizoram,22.53310665,92.89766973516971
LEH LADAKH,Jammu and Kashmir,34.1634271,77.5843437
LOHARDAGA,Jharkhand,23.441691,84.68931500000002
LOHIT,Arunachal Pradesh,27.9040,96.1739
LONGDING,Arunachal Pradesh,26.8644,95.32675
LONGLENG,Nagaland,26.49031725,94.77214247303137
LOWER DIBANG VALLEY,Arunachal Pradesh,28.21495625,95.8787740356702
LOWER SUBANSIRI,Arunachal Pradesh,27.538091899999998,93.8149241
LUCKNOW,Uttar Pradesh,26.8420098,80.94785711416057
LUDHIANA,Punjab,30.8751439,75.83987314999997
LUNGLEI,Mizoram,22.898553,92.75192291719874
MADHEPURA,Bihar,25.918667300000003,86.79093420000002
MADHUBANI,Bihar,26.6128882,85.98110909999998
MADURAI,Tamil Nadu,9.93237465,78.1386880733661
MAHARAJGANJ,Uttar Pradesh,27.1446,83.5622
MAHASAMUND,Chhattisgarh,21.1882332,82.48484762499999
MAHBUBNAGAR,Telangana,16.778238,78.01225229999999
MAHE,Puducherry,11.6995635,75.53666823880425
MAHENDRAGARH,Haryana,28.0572048,76.1030093
MAHESANA,Gujarat,23.606499,72.380891
MAHOBA,Uttar Pradesh,25.2921,79.8724
MAINPURI,Uttar Pradesh,26.9653429,78.95244740000003
MALAPPURAM,Kerala,11.04240575,76.08021953622506
MALDAH,West Bengal,24.9949832,88.142127
MALKANGIRI,Odisha,18.3377075,81.87591479999998
MAMIT,Mizoram,23.75590845,92.45173568830636
MANDI,Himachal Pradesh,31.7077724,76.93145279999997
MANDLA,Madhya Pradesh,29.0465657,78.278532
MANDSAUR,Madhya Pradesh,24.0734,75.0679
MANDYA,Karnataka,12.5239225,76.8872714
MANSA,Punjab,29.8769971,75.4889866137018
MARIGAON,Assam,26.290712,92.29221256765226
MATHURA,Uttar Pradesh,27.489451300000002,77.67796990000002
MAU,Uttar Pradesh,26.8420098,80.94785711416057
MAYURBHANJ,Odisha,21.932183,86.7199521
MEDAK,Telangana,18.0,78.0
MEDINIPUR EAST,West Bengal,22.3446691,87.29334159999998
MEDINIPUR WEST,West Bengal,22.4080,87.3811
MEERUT,Uttar Pradesh,28.6276195,77.3818692
MEWAT,Haryana,27.9185683,76.9578248
MIRZAPUR,Uttar Pradesh,26.8420098,80.94785711416057
MOGA,Punjab,31.5506146,75.6404863
MOKOKCHUNG,Nagaland,26.3253905,94.517205
MON,Nagaland,26.715532600000003,95.02510907470293
MORADABAD,Uttar Pradesh,28.8386,78.7733
MORENA,Madhya Pradesh,26.4947,77.994
MUKTSAR,Punjab,30.2831401,74.52299719797392
MUMBAI,Maharashtra,19.05599665,72.92266539120884
MUNGELI,Chhattisgarh,22.0661098,81.6874282
MUNGER,Bihar,25.3851063,86.46769912015446
MURSHIDABAD,West Bengal,23.95533125,88.0378205592913
MUZAFFARNAGAR,Uttar Pradesh,29.4727,77.7085
MUZAFFARPUR,Bihar,26.1161209,85.41597349999998
MYSORE,Karnataka,12.3084901,76.6639936
NABARANGPUR,Odisha,19.228896,82.5665715
NADIA,West Bengal,22.9732847,88.4365811
NAGAON,Assam,26.5547738,92.8874642
NAGAPATTINAM,Tamil Nadu,10.805627600000001,79.824659783024
NAGAUR,Rajasthan,27.199880800000003,73.7320445
NAGPUR,Maharashtra,21.1574834,79.04575320000002
NAINITAL,Uttarakhand,29.18554285,79.51183435559128
NALANDA,Bihar,25.16729025,85.55023975864606
NALBARI,Assam,26.440330600000006,91.4375589
NALGONDA,Telangana,17.1460669,79.62201359999997
NAMAKKAL,Tamil Nadu,11.15922815,78.15945627572933
NAMSAI,Arunachal Pradesh,27.6692,95.8644
NANDED,Maharashtra,18.4598384,73.78616269999998
NANDURBAR,Maharashtra,21.36599895,74.28400358178766
NARAYANPUR,Chhattisgarh,19.5842032,81.1136985512029
NARMADA,Gujarat,21.73830395,73.62736015921328
NARSINGHPUR,Madhya Pradesh,22.9473,79.1923
NASHIK,Maharashtra,20.0127402,73.8032765
NAVSARI,Gujarat,20.952407,72.9323831
NAWADA,Bihar,24.818124,85.5185562336921
NAWANSHAHR,Punjab,31.020811100000003,76.0882819
NAYAGARH,Odisha,20.1283706,85.10740799999998
NEEMUCH,Madhya Pradesh,24.4738,74.8726
NICOBARS,Andaman and Nicobar Islands,7.1205,93.7842
NIZAMABAD,Telangana,18.672349,78.104073
NORTH AND MIDDLE ANDAMAN,Andaman and Nicobar Islands,13.51111965,92.91738841784462
NORTH DISTRICT,Sikkim,27.649319,88.40538985091041
NORTH GARO HILLS,Meghalaya,25.8619841,90.70177048839348
NORTH GOA,Goa,15.620452300000002,73.7648309
NORTH TRIPURA,Tripura,24.092147600000004,92.24512135019847
NUAPADA,Odisha,20.7993583,82.4602372
OSMANABAD,Maharashtra,18.31998,75.9651192
PAKUR,Jharkhand,24.6379064,87.85569620000003
PALAKKAD,Kerala,10.7668468,76.64927320000002
PALAMU,Jharkhand,24.0441443,84.0944676
PALGHAR,Maharashtra,20.1238465,72.9193103
PALI,Rajasthan,25.147174300000003,73.088047
PALWAL,Haryana,28.1436561,77.3382194
PANCH MAHALS,Gujarat,23.0,74.0
PANCHKULA,Haryana,30.7045209,76.8595988
PANIPAT,Haryana,29.4136602,76.9467153
PANNA,Madhya Pradesh,24.7180,80.1819
PAPUM PARE,Arunachal Pradesh,27.08793205,93.6102638735841
PARBHANI,Maharashtra,19.29031365,76.60290343431203
PASHCHIM CHAMPARAN,Bihar,26.801454,84.509224
PATAN,Gujarat,23.862829,72.13359789435826
PATHANAMTHITTA,Kerala,9.2677817,76.7895719
PATHANKOT,Punjab,32.2919066,75.7593463
PATIALA,Punjab,30.51571185,76.65919461679499
PATNA,Bihar,25.60777625,85.1203199096272
PAURI GARHWAL,Uttarakhand,30.0595303,79.0002551
PERAMBALUR,Tamil Nadu,11.2287716,78.8182555496278
PEREN,Nagaland,25.47907705,93.72563659313208
PHEK,Nagaland,25.75,94.5
PILIBHIT,Uttar Pradesh,28.6249,79.8075
PITHORAGARH,Uttarakhand,30.245520799999998,80.9939567
PONDICHERRY,Puducherry,11.92503,79.82815649999998
POONCH,Jammu and Kashmir,33.7670,74.0924
PORBANDAR,Gujarat,21.6387772,69.61957059999999
PRAKASAM,Andhra Pradesh,15.8552055,80.422454
PRATAPGARH,Rajasthan,24.0333495,74.7801315
PUDUKKOTTAI,Tamil Nadu,10.374081,78.8137027
PULWAMA,Jammu and Kashmir,33.8716,74.8946
PUNE,Maharashtra,18.6738164,73.70641139642079
PURBI CHAMPARAN,Bihar,26.6465969,84.9091552
PURI,Odisha,19.8073779,85.83834759999998
PURNIA,Bihar,26.0,87.5
PURULIA,West Bengal,23.3255885,86.376711
RAE BARELI,Uttar Pradesh,26.2145,81.2528
RAICHUR,Karnataka,16.2030965,77.3510184
RAIGAD,Maharashtra,19.07161075,73.13686117489772
RAIGARH,Chhattisgarh,22.5,83.5
RAIPUR,Chhattisgarh,21.2768955,81.6824255
RAISEN,Madhya Pradesh,22.957626,77.6249021
RAJAURI,Jammu and Kashmir,33.3716,74.3152
RAJGARH,Madhya Pradesh,23.8509,76.7337
RAJKOT,Gujarat,22.2964301,70.79910009999998
RAJNANDGAON,Chhattisgarh,20.9727404,80.69155548263583
RAJSAMAND,Rajasthan,25.29131615,73.82449247403609
RAMANAGARA,Karnataka,12.70130405,77.25165540461549
RAMANATHAPURAM,Tamil Nadu,9.8437068,79.0739672
RAMBAN,Jammu and Kashmir,33.2464,75.1939
RAMGARH,Jharkhand,23.59877595,85.53691564663127
RAMPUR,Uttar Pradesh,28.800830800000004,79.0278953
RANCHI,Jharkhand,23.31045215,85.27487741053811
RANGAREDDI,Telangana,17.3891,77.8367
RATLAM,Madhya Pradesh,23.3315,75.0367
RATNAGIRI,Maharashtra,17.7545234,73.1907321
RAYAGADA,Odisha,19.0709727,83.8092839
REASI,Jammu and Kashmir,33.0804,74.8364
REWA,Madhya Pradesh,24.52210195,81.3106336143737
REWARI,Haryana,28.1922797,76.61823300000302
RI BHOI,Meghalaya,25.6641419,91.9015991
ROHTAK,Haryana,28.971924100000006,76.3770982
ROHTAS,Bihar,24.9519342,83.9923348
RUDRA PRAYAG,Uttarakhand,30.3009965,79.06287964782696
RUPNAGAR,Punjab,30.7928798,76.49628809999999
S.A.S NAGAR,Punjab,12.9937763,77.6607309
SABAR KANTHA,Gujarat,24.0295004,73.04471740000002
SAGAR,Madhya Pradesh,23.8388,78.7378
SAHARANPUR,Uttar Pradesh,29.9680,77.5552
SAHARSA,Bihar,25.83264165,86.61489283342812
SAHEBGANJ,Jharkhand,25.236119600000002,87.6343064
SAIHA,Mizoram,22.499551800000003,92.97798988717028
SALEM,Tamil Nadu,11.7192761,78.0763688
SAMASTIPUR,Bihar,25.9501325,85.6721255
SAMBA,Jammu and Kashmir,32.6194424,74.86330749999998
SAMBALPUR,Odisha,21.4743025,83.9737871
SAMBHAL,Uttar Pradesh,28.203919399999997,79.05919329999998
SANGLI,Maharashtra,16.8517427,74.5798525
SANGRUR,Punjab,30.2435985,75.8450178
SANT KABEER NAGAR,Uttar Pradesh,26.7672,83.0361
SANT RAVIDAS NAGAR,Uttar Pradesh,25.3560294,82.50057725197018
SARAIKELA KHARSAWAN,Jharkhand,22.7464225,85.91689291046394
SARAN,Bihar,26.069869,84.88437940000001
SATARA,Maharashtra,17.991575199999996,74.4381653
SATNA,Madhya Pradesh,24.6005,80.8322
SAWAI MADHOPUR,Rajasthan,26.355519300000005,76.309392
SEHORE,Madhya Pradesh,22.684959399999997,77.2708315
SENAPATI,Manipur,25.333333,94.166667
SEONI,Madhya Pradesh,22.0869,79.5435
SEPAHIJALA,Tripura,23.6828067,91.2794593
SERCHHIP,Mizoram,23.3858923,92.93059890817601
SHAHDOL,Madhya Pradesh,23.1835037,81.572177
SHAHJAHANPUR,Uttar Pradesh,27.8296,79.8297
SHAJAPUR,Madhya Pradesh,22.7665444,75.9006944
SHAMLI,Uttar Pradesh,29.4502,77.3172
SHEIKHPURA,Bihar,25.12635425,85.81510620944194
SHEOHAR,Bihar,26.49436945,85.27280559513997
SHEOPUR,Madhya Pradesh,25.6728,76.6961
SHIMLA,Himachal Pradesh,31.10442735,77.16861358230656
SHIMOGA,Karnataka,13.9437294,75.54889449999997
SHIVPURI,Madhya Pradesh,25.4320,77.6644
SHOPIAN,Jammu and Kashmir,33.7172817,74.834236
SHRAVASTI,Uttar Pradesh,27.5035,82.0365
SIDDHARTH NAGAR,Uttar Pradesh,27.2716,82.821
SIDHI,Madhya Pradesh,24.3956,81.8825
SIKAR,Rajasthan,26.97974210000001,75.7738790433983
SIMDEGA,Jharkhand,22.666432500000003,84.55026791192209
SINDHUDURG,Maharashtra,15.906170800000002,73.82055279999999
SINGRAULI,Madhya Pradesh,24.1992,82.6645
SIRMAUR,Himachal Pradesh,30.4474875,77.644785
SIROHI,Rajasthan,24.5909317,72.71095799999998
SIRSA,Haryana,29.448383900000003,74.6561460694987
SITAMARHI,Bihar,26.5876547,85.5056744
SITAPUR,Uttar Pradesh,27.5680,80.679
SIVAGANGA,Tamil Nadu,9.8553061,78.4929865
SIVASAGAR,Assam,26.9901529,94.6290755
SIWAN,Bihar,26.3144675,84.45766090000002
SOLAN,Himachal Pradesh,30.9003323,77.0236434
SOLAPUR,Maharashtra,17.897246799999994,75.05335000022293
SONBHADRA,Uttar Pradesh,24.697385,83.0652742
SONEPUR,Odisha,20.8436121,83.9073153
SONIPAT,Haryana,28.991326300000004,77.0326418
SONITPUR,Assam,26.626510600000003,92.8002917
SOUTH ANDAMANS,Andaman and Nicobar Islands,11.7401,92.6586
SOUTH DISTRICT,Sikkim,27.649319,88.40538985091041
SOUTH GARO HILLS,Meghalaya,25.347969,90.56577725964563
SOUTH GOA,Goa,15.620452300000002,73.7648309
SOUTH TRIPURA,Tripura,23.5,91.666667
SOUTH WEST GARO HILLS,Meghalaya,25.4480527,89.9987852968616
SOUTH WEST KHASI HILLS,Meghalaya,25.5928082,91.89816400000001
SPSR NELLORE,Andhra Pradesh,14.4499327,79.99168279999998
SRIKAKULAM,Andhra Pradesh,18.2949374,83.8974691
SRINAGAR,Jammu and Kashmir,34.096705,74.88075471762296
SUKMA,Chhattisgarh,18.3891459,81.65915
SULTANPUR,Uttar Pradesh,26.283912199999996,82.1077426
SUNDARGARH,Odisha,22.225449800000003,84.8283939
SUPAUL,Bihar,26.2768118,86.79658662614811
SURAJPUR,Chhattisgarh,23.35151515,82.97290272665015
SURAT,Gujarat,21.19172565,72.79593612454501
SURENDRANAGAR,Gujarat,22.714544600000004,71.6055482
SURGUJA,Chhattisgarh,23.1313515,83.1875984
TAMENGLONG,Manipur,25.0,93.5
TAPI,Gujarat,21.112562,73.388553
TARN TARAN,Punjab,31.221633,74.735782
TAWANG,Arunachal Pradesh,27.595365700000002,91.8696783
TEHRI GARHWAL,Uttarakhand,30.0595303,79.0002551
THANE,Maharashtra,19.17832655,72.97117531720335
THANJAVUR,Tamil Nadu,10.7356572,79.0981749
THE NILGIRIS,Tamil Nadu,11.4136894,76.7073566
THENI,Tamil Nadu,9.6109462,77.17172599577631
THIRUVALLUR,Tamil Nadu,10.7992254,78.68114229999998
THIRUVANANTHAPURAM,Kerala,8.501752849999999,76.94882798823788
THIRUVARUR,Tamil Nadu,10.80852705,79.61238805815077
THOUBAL,Manipur,24.592179,93.90468
THRISSUR,Kerala,10.7371278,76.27906397637167
TIKAMGARH,Madhya Pradesh,24.7623123,78.83382840000002
TINSUKIA,Assam,27.3252271,95.7668887
TIRAP,Arunachal Pradesh,26.9943,95.5407
TIRUCHIRAPPALLI,Tamil Nadu,10.7992254,78.68114229999998
TIRUNELVELI,Tamil Nadu,8.78901235,77.73167392916388
TIRUPPUR,Tamil Nadu,11.007917800000001,77.56172459999998
TIRUVANNAMALAI,Tamil Nadu,12.2692558,78.9418402
TONK,Rajasthan,26.882360100000003,75.79912890000001
TUENSANG,Nagaland,26.1685055,94.85819821659115
TUMKUR,Karnataka,13.4622214,77.05024341591161
TUTICORIN,Tamil Nadu,8.8052602,78.1452745
UDAIPUR,Rajasthan,24.5402359,73.6908805
UDALGURI,Assam,26.7099325,92.20380259999999
UDAM SINGH NAGAR,Uttarakhand,28.9610,79.5154
UDHAMPUR,Jammu and Kashmir,32.9160,75.1416
UDUPI,Karnataka,13.346144099999998,74.7625972
UJJAIN,Madhya Pradesh,23.085558600000002,75.713371
UKHRUL,Manipur,25.10926685,94.38239281654195
UMARIA,Madhya Pradesh,23.5310,80.8295
UNA,Himachal Pradesh,31.4787354,76.27507059999998
UNAKOTI,Tripura,24.3167458,92.06650224339184
UNNAO,Uttar Pradesh,26.5393,80.4878
UPPER SIANG,Arunachal Pradesh,28.642054700000003,95.0288466
UPPER SUBANSIRI,Arunachal Pradesh,27.538091899999998,93.8149241
UTTAR KANNAD,Karnataka,14.7937,74.6869
UTTAR KASHI,Uttarakhand,30.9654214,78.63368731187963
VADODARA,Gujarat,22.37289135,73.15061884594144
VAISHALI,Bihar,25.71979245,85.23111538618977
VALSAD,Gujarat,20.42309985,72.91235079956063
VARANASI,Uttar Pradesh,25.2939228,82.96780601028925
VELLORE,Tamil Nadu,12.8795939,79.13057690000002
VIDISHA,Madhya Pradesh,23.5236,77.814
VILLUPURAM,Tamil Nadu,11.9228853,79.6048498
VIRUDHUNAGAR,Tamil Nadu,9.5096795,78.090885
VISAKHAPATANAM,Andhra Pradesh,17.6868,83.2185
VIZIANAGARAM,Andhra Pradesh,18.108428600000003,83.41168459999999
WARANGAL,Telangana,18.0014268,79.56954
WARDHA,Maharashtra,20.739042,78.5999084
WASHIM,Maharashtra,20.28792095,77.23606281061035
WAYANAD,Kerala,11.5406062,76.01954405525683
WEST DISTRICT,Sikkim,27.649319,88.40538985091041
WEST GARO HILLS,Meghalaya,25.60780175,90.20380106122236
WEST GODAVARI,Andhra Pradesh,17.01303115,81.73746288058665
WEST JAINTIA HILLS,Meghalaya,25.4425965,92.29882747091771
WEST KAMENG,Arunachal Pradesh,27.356882899999995,92.2394136
WEST KHASI HILLS,Meghalaya,25.5928082,91.89816400000001
WEST SIANG,Arunachal Pradesh,27.843321600000003,95.2239458
WEST SINGHBHUM,Jharkhand,22.776881600000003,86.18536309999998
WEST TRIPURA,Tripura,23.916667,91.5
WOKHA,Nagaland,26.3242273,94.5218613
YADGIR,Karnataka,16.7493772,77.1301239
YAMUNANAGAR,Haryana,30.0090791,77.10105159999998
YANAM,Puducherry,16.7333666,82.21451640000002
YAVATMAL,Maharashtra,20.3906654,78.1355057
ZUNHEBOTO,Nagaland,26.22290845,94.47538260875677
